{
  "project_info": {
    "project_number": "517266706982",
    "firebase_url": "https://technovation-girls-74b3e-default-rtdb.europe-west1.firebasedatabase.app",
    "project_id": "technovation-girls-74b3e",
    "storage_bucket": "technovation-girls-74b3e.appspot.com"
  },
  "client": [
    {
      "client_info": {
        "mobilesdk_app_id": "1:517266706982:android:50ecd50ef6b93464168ce7",
        "android_client_info": {
          "package_name": "com.android.application"
        }
      },
      "oauth_client": [],
      "api_key": [
        {
          "current_key": "AIzaSyAg1cr77Hs2dSLJc9jbQjxnSp5oh07lZeQ"
        }
      ],
      "services": {
        "appinvite_service": {
          "other_platform_oauth_client": []
        }
      }
    },
    {
      "client_info": {
        "mobilesdk_app_id": "1:517266706982:android:96b2f39131e285a7168ce7",
        "android_client_info": {
          "package_name": "com.example.technovationgirls"
        }
      },
      "oauth_client": [],
      "api_key": [
        {
          "current_key": "AIzaSyAg1cr77Hs2dSLJc9jbQjxnSp5oh07lZeQ"
        }
      ],
      "services": {
        "appinvite_service": {
          "other_platform_oauth_client": []
        }
      }
    }
  ],
  "configuration_version": "1"
}